owners equity,total operational expences,net profit,operational income,BCC score,,
1.36E+09,4.81E+08,9.22E+09,4.82E+08,0.5090756,std,0.154835179
6.17E+09,1.47E+09,9.63E+09,1.88E+09,0.6915604,median,0.7322115
8.14E+09,6.38E+09,9.52E+09,6.45E+09,0.7408586,mean,0.725890832
2.22E+09,1.13E+09,9.14E+09,1.05E+09,0.5260865,,
2.06E+09,7.90E+08,9.31E+09,9.81E+08,0.667887,,
3.91E+10,5.12E+10,9.84E+09,5.11E+10,0.8972273,,
1.50E+09,8.31E+09,9.45E+09,8.72E+09,0.9814603,,
3.66E+09,8.15E+09,9.63E+09,8.76E+09,0.9057877,,
8.01E+08,2.71E+08,9.11E+09,2.98E+08,0.529346,,
6.48E+09,1.89E+08,9.49E+09,2.84E+08,1,,
1.07E+10,2.33E+09,9.68E+09,3.04E+09,0.7155268,,
6.34E+09,5.69E+09,9.55E+09,6.21E+09,0.8107397,,
2.88E+09,1.17E+09,9.19E+09,1.17E+09,0.5564023,,
9.98E+08,1.64E+09,9.20E+09,1.77E+09,0.8269114,,
3.78E+10,2.20E+10,8.20E+09,2.00E+10,0.7142271,,
4.46E+10,8.90E+10,1.27E+10,9.32E+10,0.977342,,
7.55E+09,8.64E+09,1.00E+10,9.61E+09,0.8855078,,
3.25E+09,6.59E+09,9.50E+09,6.97E+09,0.874492,,
1.35E+09,2.42E+09,8.91E+09,2.22E+09,0.7224401,,
8.24E+08,7.77E+09,7.66E+09,6.24E+09,0.7747827,,
2.05E+10,1.70E+10,9.32E+09,1.69E+10,0.8098909,,
3.47E+09,7.57E+09,9.53E+09,8.15E+09,0.902989,,
2.92E+09,1.75E+09,9.22E+09,1.80E+09,0.6625122,,
2.25E+07,2.77E+08,9.03E+09,7.88E+07,1,,
7.37E+09,3.66E+09,9.24E+09,3.78E+09,0.6903011,,
2.66E+08,6.90E+08,9.11E+09,7.12E+08,0.8807527,,
8.85E+09,7.04E+09,9.15E+09,7.01E+09,0.7321765,,
1.55E+09,1.92E+08,9.15E+09,2.11E+08,0.4201025,,
2.06E+09,2.19E+09,9.21E+09,2.28E+09,0.7382105,,
3.94E+09,5.01E+08,9.11E+09,4.63E+08,0.3927037,,
2.90E+09,9.66E+08,9.10E+09,8.70E+08,0.4704941,,
7.39E+09,2.44E+09,9.58E+09,2.99E+09,0.7401773,,
2.08E+08,1.56E+08,9.00E+09,6.35E+07,0.3043453,,
6.63E+08,4.34E+08,9.02E+09,3.56E+08,0.4693508,,
2.67E+09,3.12E+09,9.19E+09,3.18E+09,0.7506663,,
3.20E+09,7.56E+10,9.65E+09,7.58E+10,1,,
7.21E+08,1.08E+09,9.13E+09,1.11E+09,0.7686299,,
1.41E+09,4.89E+09,9.14E+09,4.92E+09,0.8950266,,
3.07E+08,1.65E+08,9.11E+09,1.56E+08,0.5516253,,
4.33E+09,1.52E+10,9.53E+09,1.56E+10,0.9276751,,
1.59E+10,8.15E+09,1.13E+10,1.04E+10,0.9211282,,
1.29E+09,1.40E+09,9.12E+09,1.40E+09,0.6802289,,
3.51E+09,4.63E+09,9.12E+09,4.40E+09,0.7207173,,
2.03E+09,2.27E+09,9.25E+09,2.37E+09,0.7458281,,
1.37E+09,1.44E+09,9.26E+09,1.60E+09,0.7586907,,
5.47E+09,4.03E+10,9.23E+09,4.03E+10,0.9679771,,
2.99E+09,4.31E+08,9.12E+09,4.61E+08,0.4680029,,
5.22E+09,2.36E+09,9.31E+09,2.50E+09,0.6739139,,
1.77E+10,2.58E+10,9.56E+09,2.61E+10,0.8957012,,
1.29E+09,9.68E+08,9.20E+09,9.67E+08,0.5892408,,
6.14E+07,1.33E+08,9.04E+09,7.30E+07,0.5313986,,
2.11E+09,1.19E+09,9.12E+09,1.20E+09,0.6006986,,
2.40E+09,2.84E+09,9.42E+09,3.02E+09,0.7815815,,
1.13E+09,9.20E+08,9.16E+09,9.94E+08,0.6563669,,
3.72E+09,2.03E+09,8.94E+09,1.83E+09,0.5739933,,
7.32E+08,4.79E+08,9.43E+09,8.65E+08,1,,
1.87E+09,1.16E+09,9.20E+09,1.28E+09,0.6712922,,
8.37E+09,5.73E+09,1.02E+10,6.92E+09,0.8716674,,
5.13E+09,5.28E+08,9.93E+09,1.25E+09,1,,
2.63E+09,1.79E+09,9.14E+09,1.79E+09,0.6529097,,
3.51E+09,2.91E+09,9.12E+09,2.70E+09,0.6529852,,
3.49E+08,1.16E+09,9.12E+09,1.07E+09,0.8159668,,
3.26E+09,1.74E+09,9.34E+09,1.99E+09,0.7319336,,
1.31E+09,1.79E+09,9.12E+09,1.74E+09,0.7172503,,
5.21E+09,2.72E+09,9.42E+09,3.02E+09,0.7379053,,
9.10E+08,1.87E+09,9.26E+09,1.91E+09,0.8220884,,
7.94E+09,8.71E+09,9.93E+09,9.52E+09,0.8662508,,
4.48E+09,3.86E+09,9.32E+09,3.93E+09,0.736539,,
3.23E+09,8.71E+09,9.44E+09,8.99E+09,0.8953457,,
1.88E+09,3.28E+10,9.22E+09,3.30E+10,0.9965022,,
1.43E+09,1.76E+09,8.66E+09,1.27E+09,0.5058069,,
4.08E+08,3.82E+08,9.10E+09,2.61E+08,0.457144,,
1.13E+09,1.40E+09,8.97E+09,1.20E+09,0.6074201,,
4.28E+09,8.83E+09,9.62E+09,9.44E+09,0.8913369,,
5.45E+09,2.04E+10,9.64E+09,2.11E+10,0.9546184,,
1.62E+10,3.37E+10,9.53E+09,3.44E+10,0.9357534,,
3.44E+09,3.26E+09,9.35E+09,3.41E+09,0.7573411,,
3.57E+09,1.79E+09,9.13E+09,1.86E+09,0.6518367,,
4.33E+10,3.67E+09,1.27E+10,5.05E+09,1,,
9.40E+08,6.46E+08,9.16E+09,6.98E+08,0.6134691,,
2.16E+09,2.36E+09,9.20E+09,2.44E+09,0.737019,,
4.53E+09,5.91E+09,9.18E+09,5.83E+09,0.7569957,,
8.72E+09,7.96E+09,9.68E+09,8.51E+09,0.816828,,
1.04E+09,7.90E+08,9.12E+09,6.44E+08,0.4851954,,
4.13E+09,4.85E+08,9.14E+09,4.95E+08,0.4266392,,
2.25E+09,1.08E+09,9.20E+09,1.18E+09,0.6248336,,
4.35E+09,4.01E+09,9.50E+09,4.40E+09,0.8053322,,
3.07E+09,8.21E+08,9.14E+09,8.18E+08,0.5048036,,
8.46E+08,7.92E+08,9.12E+09,8.19E+08,0.6663004,,
2.89E+09,1.88E+08,9.19E+09,2.23E+08,0.4487225,,
1.37E+09,5.31E+08,9.11E+09,4.27E+08,0.4084946,,
2.97E+09,6.28E+09,9.52E+09,6.82E+09,0.903562,,
5.37E+09,5.88E+09,9.96E+09,6.77E+09,0.874955,,
7.62E+09,6.61E+09,1.03E+10,8.07E+09,0.9184762,,
1.88E+08,1.04E+08,9.11E+09,9.97E+07,0.6037504,,
2.77E+09,6.18E+09,9.24E+09,6.32E+09,0.8595822,,
2.80E+09,8.53E+09,9.33E+09,8.80E+09,0.9091124,,
4.86E+09,2.86E+09,8.31E+09,1.93E+09,0.4367261,,
3.96E+09,3.65E+09,1.01E+10,4.76E+09,0.9806981,,
1.01E+10,1.78E+10,1.08E+10,1.96E+10,0.9701097,,
1.25E+09,1.71E+09,9.19E+09,1.79E+09,0.7707111,,
1.36E+09,1.80E+09,9.24E+09,1.87E+09,0.7625765,,
5.16E+09,2.85E+10,1.01E+10,2.97E+10,0.9933544,,
3.15E+09,1.95E+09,9.20E+09,1.99E+09,0.6673443,,
2.78E+09,1.37E+09,9.28E+09,1.56E+09,0.6895644,,
5.05E+08,5.45E+08,9.11E+09,4.84E+08,0.6104824,,
1.16E+09,4.27E+09,9.24E+09,4.47E+09,0.9352392,,
1.59E+09,1.24E+09,9.34E+09,1.49E+09,0.7749861,,
3.75E+09,5.75E+09,1.03E+10,7.35E+09,1,,
2.79E+09,3.20E+09,9.38E+09,3.16E+09,0.7261125,,
4.68E+09,2.36E+09,8.84E+09,2.16E+09,0.5846527,,
2.65E+09,1.82E+09,9.21E+09,1.86E+09,0.6733608,,
2.46E+09,5.69E+09,9.16E+09,5.74E+09,0.8504623,,
2.05E+09,1.59E+09,9.18E+09,1.67E+09,0.690855,,
1.33E+09,8.89E+08,9.11E+09,8.74E+08,0.550175,,
1.08E+09,8.96E+08,9.21E+09,1.04E+09,0.7116825,,
4.48E+09,1.55E+09,9.16E+09,1.62E+09,0.5929719,,
1.97E+09,7.99E+08,9.26E+09,9.74E+08,0.6590213,,
8.51E+08,7.97E+08,9.12E+09,7.78E+08,0.6296972,,
1.21E+09,4.55E+09,9.03E+09,4.48E+09,0.8828656,,
1.09E+09,5.12E+08,9.11E+09,5.15E+08,0.5277755,,
1.35E+09,3.57E+08,9.18E+09,2.89E+08,0.3755436,,
2.93E+09,1.29E+09,9.25E+09,1.40E+09,0.6323363,,
3.81E+09,2.77E+09,9.30E+09,2.98E+09,0.7506432,,
7.78E+09,5.79E+10,9.64E+09,5.83E+10,0.9826099,,
1.25E+09,1.75E+09,9.13E+09,1.75E+09,0.7400533,,
4.43E+09,2.04E+09,9.29E+09,2.20E+09,0.6791171,,
4.81E+09,2.19E+09,9.74E+09,2.78E+09,0.8134046,,
2.35E+09,9.42E+08,9.22E+09,1.05E+09,0.6089551,,
9.96E+08,9.54E+08,9.17E+09,1.01E+09,0.685644,,
2.07E+10,2.38E+10,1.22E+10,2.64E+10,0.9628975,,
6.55E+09,6.52E+09,9.11E+09,6.43E+09,0.7418189,,
6.12E+08,8.43E+08,9.06E+09,7.84E+08,0.6821837,,
4.08E+09,5.18E+10,1.07E+10,5.22E+10,1,,
5.53E+09,2.85E+09,9.17E+09,2.87E+09,0.6631196,,
7.95E+08,3.60E+08,9.11E+09,3.61E+08,0.5170645,,
1.83E+09,8.01E+08,9.14E+09,8.46E+08,0.5663753,,
2.70E+09,1.71E+09,9.37E+09,1.99E+09,0.7623262,,
6.60E+08,4.33E+08,8.81E+09,1.68E+08,0.236409,,
8.89E+09,6.22E+09,9.65E+09,6.81E+09,0.7910577,,
2.44E+09,9.81E+08,9.18E+09,1.07E+09,0.5953516,,
3.43E+08,7.28E+08,9.11E+09,7.17E+08,0.807785,,
3.49E+09,1.10E+09,9.23E+09,1.12E+09,0.5477709,,
1.88E+09,7.76E+08,9.34E+09,1.04E+09,0.7311485,,
1.17E+09,6.03E+08,9.12E+09,6.10E+08,0.5402737,,
3.08E+09,6.22E+09,9.31E+09,6.38E+09,0.8465992,,
8.02E+08,4.21E+08,9.11E+09,4.30E+08,0.5458958,,
1.65E+09,5.19E+08,9.11E+09,5.15E+08,0.4997653,,
1.40E+09,3.31E+09,9.27E+09,3.48E+09,0.8825925,,
1.25E+09,2.77E+09,9.21E+09,2.86E+09,0.8549806,,
2.82E+09,6.50E+09,9.13E+09,6.53E+09,0.8487044,,
5.88E+09,1.13E+10,9.19E+09,1.13E+10,0.8429646,,
9.44E+09,7.03E+09,1.05E+10,8.56E+09,0.9079426,,
2.37E+09,5.73E+08,9.26E+09,7.52E+08,0.6532248,,
2.97E+09,5.78E+08,9.25E+09,6.87E+08,0.5682905,,
8.18E+08,9.90E+08,9.34E+09,1.29E+09,0.9099488,,
3.47E+09,2.74E+09,9.22E+09,2.88E+09,0.7364204,,
1.56E+09,1.01E+09,9.24E+09,9.77E+08,0.5541745,,
1.86E+09,1.32E+09,9.17E+09,1.32E+09,0.6268141,,
3.26E+09,1.61E+09,9.28E+09,1.77E+09,0.6817698,,
1.35E+09,4.01E+08,9.12E+09,3.82E+08,0.4655189,,
8.57E+08,3.24E+08,9.16E+09,3.42E+08,0.5229683,,
1.65E+09,1.35E+09,9.21E+09,1.42E+09,0.6808359,,
2.42E+09,1.35E+09,9.12E+09,1.37E+09,0.6124432,,
1.65E+09,4.18E+08,9.12E+09,4.22E+08,0.4867835,,
1.22E+09,3.56E+08,9.11E+09,3.67E+08,0.4994708,,
1.23E+09,1.70E+09,9.18E+09,1.78E+09,0.7704184,,
2.06E+10,5.40E+10,1.33E+10,5.75E+10,1,,
1.14E+09,1.13E+09,9.20E+09,1.19E+09,0.691405,,
4.54E+09,2.66E+09,9.42E+09,2.95E+09,0.7498356,,
8.93E+08,8.97E+08,9.05E+09,9.40E+08,0.6916463,,
2.40E+09,7.43E+08,9.26E+09,8.91E+08,0.6218227,,
1.98E+09,7.81E+08,9.52E+09,1.21E+09,0.8629246,,
3.52E+09,2.86E+09,9.53E+09,3.31E+09,0.825452,,
2.75E+09,2.55E+09,9.77E+09,3.32E+09,0.9394798,,
3.15E+09,1.57E+09,9.26E+09,1.75E+09,0.6919723,,
7.46E+09,8.58E+09,9.44E+09,8.94E+09,0.8217102,,
1.98E+09,4.50E+08,9.19E+09,5.13E+08,0.5485218,,
3.58E+09,1.07E+09,9.20E+09,1.17E+09,0.5832817,,
3.50E+09,4.05E+08,9.21E+09,5.31E+08,0.5485104,,
2.20E+09,2.58E+09,9.32E+09,2.81E+09,0.7926113,,
1.83E+09,1.02E+09,9.11E+09,8.74E+08,0.468018,,
3.73E+09,5.29E+09,8.82E+09,4.94E+09,0.7165912,,
4.54E+09,3.87E+09,9.23E+09,3.91E+09,0.7292173,,
5.06E+09,1.78E+09,9.40E+09,2.12E+09,0.7035655,,
1.22E+09,5.50E+08,9.15E+09,6.00E+08,0.5767254,,
3.49E+09,6.61E+09,9.24E+09,6.80E+09,0.839889,,
5.74E+09,2.78E+09,9.73E+09,3.60E+09,0.8576061,,
6.73E+08,4.95E+08,9.11E+09,5.01E+08,0.5977353,,
1.33E+09,1.15E+09,9.22E+09,1.29E+09,0.71434,,
1.24E+09,3.31E+08,9.12E+09,3.23E+08,0.4613806,,
5.44E+09,8.26E+09,1.04E+10,9.88E+09,0.9793738,,
1.27E+09,3.38E+08,9.12E+09,3.51E+08,0.4946757,,
2.87E+09,6.07E+09,9.24E+09,6.22E+09,0.8515834,,
3.01E+09,1.58E+09,9.29E+09,1.74E+09,0.6901677,,
2.44E+09,1.68E+09,9.12E+09,1.52E+09,0.5769623,,
6.30E+09,9.74E+09,9.50E+09,1.01E+10,0.8540075,,
2.83E+09,2.64E+09,9.24E+09,2.82E+09,0.7623955,,
1.70E+09,8.90E+08,9.17E+09,9.60E+08,0.5971284,,
1.17E+09,1.72E+08,9.14E+09,2.09E+08,0.4819091,,
4.44E+09,3.89E+09,9.52E+09,4.14E+09,0.7735779,,
1.09E+09,3.32E+09,9.34E+09,3.64E+09,0.954222,,
4.49E+09,1.98E+09,9.52E+09,2.42E+09,0.7713151,,
9.21E+08,6.29E+08,9.00E+09,5.48E+08,0.4963501,,
2.00E+09,1.46E+09,9.40E+09,1.75E+09,0.7905815,,
1.73E+09,7.31E+08,9.15E+09,7.84E+08,0.5716171,,
1.93E+09,1.14E+09,9.21E+09,1.24E+09,0.6536795,,
1.78E+09,9.51E+08,9.11E+09,8.57E+08,0.4913321,,
2.72E+09,2.57E+09,9.27E+09,2.73E+09,0.7561917,,
1.56E+09,2.57E+08,9.06E+09,2.05E+08,0.3235015,,
4.66E+09,1.90E+09,9.51E+09,2.31E+09,0.749419,,
1.38E+09,1.20E+09,9.21E+09,1.32E+09,0.7049754,,
2.43E+09,2.95E+09,9.27E+09,3.13E+09,0.7817808,,
2.98E+09,2.57E+09,9.31E+09,2.71E+09,0.7423869,,
2.96E+09,1.34E+09,9.12E+09,1.28E+09,0.5550482,,
3.84E+09,3.44E+09,9.25E+09,3.62E+09,0.7610944,,
3.27E+09,2.02E+09,9.35E+09,2.31E+09,0.7591615,,
6.88E+09,1.54E+09,9.24E+09,1.66E+09,0.5701755,,
2.86E+09,5.08E+08,9.20E+09,5.84E+08,0.5343667,,
2.23E+09,2.36E+09,9.27E+09,2.54E+09,0.7702503,,
7.16E+08,3.45E+08,8.93E+09,1.80E+08,0.2902179,,
6.93E+08,2.56E+08,9.17E+09,3.20E+08,0.6143702,,
1.58E+09,1.09E+09,9.22E+09,1.17E+09,0.6521714,,
1.73E+09,1.55E+09,9.19E+09,1.63E+09,0.7004033,,
2.78E+09,1.55E+09,8.80E+09,1.20E+09,0.454347,,
4.01E+09,2.56E+09,9.85E+09,3.39E+09,0.9160971,,
8.55E+08,8.40E+08,9.10E+09,8.19E+08,0.6396394,,
1.19E+09,1.51E+09,9.16E+09,1.55E+09,0.737414,,
1.71E+09,2.08E+09,9.19E+09,2.19E+09,0.760233,,
3.53E+09,1.79E+09,9.82E+09,2.61E+09,0.9466492,,
7.52E+08,4.33E+08,9.16E+09,4.81E+08,0.6062237,,
6.88E+08,8.16E+08,9.14E+09,8.43E+08,0.7234745,,
8.76E+08,6.57E+08,9.20E+09,7.53E+08,0.6757208,,
1.71E+09,1.41E+09,9.23E+09,1.53E+09,0.7129292,,
1.62E+09,8.68E+08,9.12E+09,8.77E+08,0.5517349,,
2.29E+09,1.35E+09,9.16E+09,1.40E+09,0.6351476,,
2.19E+09,2.35E+09,9.19E+09,2.44E+09,0.7388898,,
1.13E+09,7.46E+07,9.11E+09,6.68E+07,0.3778142,,
1.17E+09,1.65E+08,9.12E+09,1.20E+08,0.2446437,,
1.05E+09,1.79E+09,9.15E+09,1.84E+09,0.7981495,,
2.67E+09,2.13E+09,9.15E+09,2.06E+09,0.6581803,,
3.14E+09,3.30E+09,9.31E+09,3.40E+09,0.7551499,,
5.15E+08,1.65E+08,9.08E+09,1.39E+08,0.416774,,
5.11E+09,1.27E+09,8.68E+09,8.43E+08,0.3341099,,
2.34E+09,7.88E+08,9.13E+09,8.11E+08,0.5366563,,
2.54E+09,3.53E+09,9.32E+09,3.77E+09,0.8076771,,
1.57E+09,9.45E+08,9.16E+09,1.01E+09,0.6085977,,
1.90E+09,3.62E+08,9.20E+09,4.62E+08,0.5915243,,
8.65E+08,1.71E+09,9.25E+09,1.89E+09,0.8827551,,
1.04E+09,1.29E+09,9.12E+09,1.29E+09,0.7082791,,
4.49E+09,2.62E+09,9.21E+09,2.72E+09,0.6954427,,
3.09E+09,7.44E+08,9.25E+09,8.95E+08,0.6023205,,
7.36E+08,1.18E+08,9.08E+09,9.10E+07,0.296975,,
3.87E+09,2.21E+09,9.68E+09,2.62E+09,0.7866744,,
1.77E+09,2.37E+09,9.17E+09,2.38E+09,0.7433485,,
1.69E+09,2.02E+09,9.18E+09,2.03E+09,0.7203194,,
1.36E+09,2.08E+09,9.15E+09,2.14E+09,0.7831264,,
1.12E+09,8.35E+08,9.25E+09,9.87E+08,0.696568,,
1.43E+09,1.18E+09,9.17E+09,1.24E+09,0.6616717,,
8.56E+08,2.18E+08,9.11E+09,2.25E+08,0.4598319,,
1.48E+09,2.41E+09,9.20E+09,2.53E+09,0.814813,,
1.05E+09,1.48E+09,9.15E+09,1.53E+09,0.7636574,,
1.91E+09,5.59E+08,9.21E+09,6.28E+08,0.5685834,,
1.55E+09,1.07E+09,9.26E+09,1.23E+09,0.7037305,,
1.65E+09,2.76E+09,9.36E+09,3.09E+09,0.8789821,,
1.12E+09,2.77E+09,9.30E+09,3.00E+09,0.911762,,
2.66E+09,2.27E+09,9.36E+09,2.57E+09,0.7920877,,
1.03E+09,3.63E+08,9.23E+09,5.08E+08,0.7140475,,
1.66E+09,1.57E+09,9.23E+09,1.74E+09,0.747575,,
1.63E+09,8.19E+08,9.21E+09,9.25E+08,0.6184217,,
4.04E+08,1.32E+08,9.12E+09,1.54E+08,0.5755499,,
9.02E+08,5.70E+08,9.15E+09,6.18E+08,0.6009047,,
2.23E+09,2.40E+09,9.22E+09,2.50E+09,0.7449923,,
6.73E+08,2.91E+08,9.15E+09,3.59E+08,0.6268077,,
1.93E+09,2.32E+09,9.15E+09,2.38E+09,0.7383268,,
1.47E+09,6.52E+08,9.18E+09,6.78E+08,0.5530071,,
4.38E+08,6.52E+08,9.09E+09,6.40E+08,0.7409233,,
5.09E+08,1.77E+08,9.11E+09,1.78E+08,0.5011334,,
7.74E+08,4.31E+08,9.17E+09,5.03E+08,0.6299935,,
5.71E+08,3.36E+08,9.11E+09,3.07E+08,0.513912,,
6.66E+08,2.63E+08,9.15E+09,2.93E+08,0.5562302,,
1.19E+09,3.71E+09,9.29E+09,3.60E+09,0.8458076,,
4.58E+08,6.77E+08,9.20E+09,7.82E+08,0.8658065,,
1.23E+09,1.36E+09,9.24E+09,1.52E+09,0.7703975,,
6.15E+08,3.77E+08,9.14E+09,4.12E+08,0.6104699,,
1.63E+09,3.14E+09,9.21E+09,3.29E+09,0.8478068,,
1.07E+09,2.72E+09,9.21E+09,2.82E+09,0.8746192,,
1.08E+09,2.02E+09,9.18E+09,2.13E+09,0.8369968,,
1.36E+09,6.29E+08,9.28E+09,8.17E+08,0.6994624,,
2.50E+09,2.43E+09,9.35E+09,2.71E+09,0.7956564,,
6.98E+08,5.37E+08,9.20E+09,6.37E+08,0.7102675,,
6.09E+08,3.83E+08,9.17E+09,4.56E+08,0.6664739,,
4.86E+08,4.48E+08,9.15E+09,4.97E+08,0.7183236,,
5.86E+08,3.95E+08,9.15E+09,4.27E+08,0.6187651,,
4.16E+08,5.21E+08,9.14E+09,5.50E+08,0.7586416,,
7.47E+08,3.39E+08,9.20E+09,4.41E+08,0.6724917,,
1.23E+09,1.56E+09,9.18E+09,1.66E+09,0.7678634,,
5.12E+08,3.15E+08,9.13E+09,3.50E+08,0.626078,,
1.94E+09,2.49E+09,9.26E+09,2.69E+09,0.7950099,,
1.00E+09,9.75E+08,9.23E+09,1.12E+09,0.7446698,,
7.09E+08,2.12E+08,9.17E+09,2.77E+08,0.6140137,,
5.69E+08,6.22E+08,9.15E+09,6.91E+08,0.7595871,,
7.25E+08,3.72E+08,9.26E+09,5.34E+08,0.7600891,,
3.95E+08,2.05E+08,9.15E+09,2.68E+08,0.7175151,,
6.00E+08,4.47E+08,9.17E+09,5.18E+08,0.6877845,,
4.03E+08,2.05E+08,9.14E+09,2.49E+08,0.6666528,,
2.78E+08,3.50E+08,9.15E+09,3.90E+08,0.811963,,
9.97E+08,1.18E+09,9.33E+09,1.46E+09,0.8633034,,
7.63E+08,1.01E+09,9.25E+09,1.15E+09,0.8268953,,
3.41E+08,8.81E+08,9.15E+09,9.50E+08,0.9142675,,
2.30E+08,1.59E+08,9.14E+09,2.01E+08,0.7638439,,
3.36E+08,2.13E+08,9.17E+09,2.94E+08,0.7941207,,
3.20E+08,2.15E+08,9.15E+09,2.73E+08,0.7426527,,
3.23E+08,2.20E+08,9.15E+09,2.74E+08,0.73066,,
7.16E+08,4.23E+08,9.22E+09,5.47E+08,0.7065686,,
7.77E+08,1.64E+09,9.22E+09,1.79E+09,0.8856946,,
1.67E+08,1.47E+08,9.14E+09,1.92E+08,0.867596,,
5.81E+08,6.53E+08,9.25E+09,8.15E+08,0.8591852,,
7.21E+08,5.08E+08,9.27E+09,6.85E+08,0.7753958,,
7.71E+08,6.79E+09,9.19E+09,6.89E+09,0.974483,,
2.91E+08,2.39E+08,9.14E+09,2.82E+08,0.7458555,,
2.44E+08,4.30E+08,9.17E+09,5.04E+08,0.9292174,,
2.73E+08,3.23E+08,9.15E+09,3.70E+08,0.8191308,,
3.07E+08,1.68E+08,9.19E+09,2.60E+08,0.8643967,,
7.92E+08,2.08E+09,9.33E+09,2.32E+09,0.9443322,,
4.21E+08,4.61E+08,9.15E+09,5.12E+08,0.7649152,,
4.40E+08,7.89E+08,9.17E+09,8.81E+08,0.8769722,,
3.17E+08,2.53E+08,9.16E+09,3.24E+08,0.7938741,,
7.94E+08,2.28E+09,9.45E+09,2.55E+09,0.9814358,,
1.83E+09,4.11E+09,9.57E+09,4.67E+09,0.9495656,,
5.64E+09,1.26E+09,9.77E+09,1.91E+09,0.8117404,,
2.61E+09,6.46E+08,9.12E+09,6.78E+08,0.5211712,,
2.30E+09,3.43E+09,9.76E+09,4.20E+09,0.9443733,,
3.84E+09,1.32E+10,9.63E+09,1.37E+10,0.9331294,,
8.84E+09,1.85E+09,1.03E+10,2.83E+09,0.8282442,,
3.32E+09,1.78E+09,9.28E+09,1.78E+09,0.6293166,,
2.34E+09,2.22E+09,9.16E+09,2.28E+09,0.7211259,,
1.38E+09,2.57E+09,9.13E+09,2.49E+09,0.7743298,,
6.75E+09,3.21E+09,9.17E+09,3.24E+09,0.6604266,,
2.95E+09,5.94E+09,9.30E+09,6.11E+09,0.8478535,,
3.12E+09,7.98E+08,9.19E+09,8.95E+08,0.567023,,
2.90E+09,1.44E+09,9.24E+09,1.61E+09,0.6838543,,
2.17E+09,9.42E+08,9.21E+09,9.54E+08,0.549925,,
2.46E+09,1.52E+09,9.21E+09,1.65E+09,0.6913216,,
1.35E+09,7.25E+08,9.16E+09,7.59E+08,0.5679036,,
2.09E+09,2.00E+09,9.42E+09,2.34E+09,0.8223412,,
1.47E+09,2.51E+08,9.21E+09,3.59E+08,0.6349914,,
1.38E+09,9.73E+08,9.16E+09,1.03E+09,0.6230179,,
1.12E+09,5.77E+08,9.18E+09,6.77E+08,0.6308413,,
5.64E+09,1.72E+09,9.52E+09,2.03E+09,0.6713656,,
8.19E+08,1.50E+08,9.12E+09,1.63E+08,0.4250975,,
1.78E+09,1.18E+09,9.23E+09,1.32E+09,0.6901941,,
2.66E+09,1.30E+09,9.32E+09,1.42E+09,0.6491854,,
5.53E+09,1.40E+09,9.37E+09,1.68E+09,0.6508116,,
1.51E+09,9.19E+08,9.32E+09,1.04E+09,0.6580452,,
9.33E+08,9.25E+08,9.19E+09,1.00E+09,0.7093438,,
1.55E+09,5.86E+08,9.24E+09,6.95E+08,0.6208391,,
6.35E+09,6.85E+09,9.58E+09,7.14E+09,0.7927938,,
5.07E+08,3.10E+08,9.13E+09,3.37E+08,0.6127152,,
1.63E+10,6.94E+09,1.10E+10,8.89E+09,0.8678683,,
6.53E+09,1.56E+10,1.07E+10,1.75E+10,1,,
5.21E+09,1.44E+09,9.22E+09,1.57E+09,0.5965788,,
9.00E+08,9.00E+08,9.14E+09,9.46E+08,0.6923904,,
5.15E+08,3.53E+08,9.13E+09,3.74E+08,0.612819,,
1.31E+09,5.46E+08,9.16E+09,5.94E+08,0.5708471,,
1.34E+09,5.69E+08,9.19E+09,6.02E+08,0.5561947,,
9.12E+08,3.93E+08,9.16E+09,4.37E+08,0.5712256,,
8.54E+08,2.01E+08,9.12E+09,2.20E+08,0.4791953,,
1.92E+09,6.13E+08,8.93E+09,4.45E+08,0.3620769,,
7.50E+08,4.28E+08,9.13E+09,4.48E+08,0.5717013,,
1.42E+09,2.09E+09,9.18E+09,2.15E+09,0.7784351,,
6.82E+08,6.13E+08,9.12E+09,6.30E+08,0.6557466,,
1.18E+09,5.82E+08,9.12E+09,5.87E+08,0.5359939,,
4.98E+09,2.86E+09,1.01E+10,3.66E+09,0.8855495,,
1.05E+09,2.64E+08,9.04E+09,1.63E+08,0.2696465,,
1.03E+09,5.26E+08,9.11E+09,5.27E+08,0.530403,,
2.15E+09,1.26E+09,9.32E+09,1.51E+09,0.7440962,,
1.43E+09,1.22E+09,9.20E+09,1.32E+09,0.6902026,,
7.23E+08,3.67E+08,9.13E+09,4.07E+08,0.5877894,,
4.14E+09,2.21E+09,9.62E+09,2.79E+09,0.8343421,,
8.32E+08,5.54E+08,9.13E+09,5.88E+08,0.5967774,,
1.57E+09,9.25E+08,8.97E+09,7.65E+08,0.4516645,,
9.76E+08,8.37E+08,9.13E+09,8.15E+08,0.6065691,,
1.56E+09,4.71E+08,9.17E+09,5.45E+08,0.582922,,
2.58E+09,2.39E+09,9.81E+09,3.13E+09,0.9448011,,
5.90E+09,1.53E+09,9.35E+09,1.79E+09,0.6404338,,
1.28E+09,8.59E+08,9.11E+09,8.13E+08,0.529657,,
3.00E+09,1.10E+09,9.34E+09,1.33E+09,0.674818,,
1.14E+09,5.37E+08,9.22E+09,6.48E+08,0.6424549,,
1.64E+09,6.80E+08,9.18E+09,7.32E+08,0.5710823,,
1.67E+09,7.88E+08,9.12E+09,7.66E+08,0.52207,,
5.30E+09,2.22E+09,9.29E+09,2.43E+09,0.683397,,
1.54E+09,1.35E+09,9.27E+09,1.54E+09,0.7506946,,
2.84E+09,6.83E+08,9.20E+09,7.73E+08,0.5632987,,
2.13E+09,5.92E+08,9.20E+09,7.06E+08,0.6025103,,
2.60E+09,1.10E+09,9.23E+09,1.15E+09,0.5812546,,
5.25E+09,4.14E+09,9.63E+09,4.57E+09,0.7979856,,
1.36E+09,1.31E+09,9.19E+09,1.42E+09,0.7117693,,
2.44E+09,7.58E+09,9.56E+09,8.05E+09,0.9380249,,
1.61E+09,8.86E+08,9.36E+09,1.20E+09,0.797886,,
1.25E+09,3.77E+08,9.18E+09,4.58E+08,0.6028598,,
1.91E+09,4.79E+08,9.17E+09,5.53E+08,0.5683191,,
1.29E+09,7.20E+08,9.30E+09,7.64E+08,0.5776242,,
3.67E+09,1.45E+09,9.38E+09,1.73E+09,0.7081265,,
1.79E+09,1.23E+09,8.80E+09,8.87E+08,0.4085535,,
2.61E+09,1.64E+09,9.27E+09,1.83E+09,0.7223088,,
1.01E+09,3.50E+08,9.13E+09,3.62E+08,0.5114773,,
2.68E+09,2.44E+09,9.55E+09,2.95E+09,0.8640101,,
1.26E+09,2.33E+09,9.18E+09,2.38E+09,0.8145753,,
9.22E+08,9.84E+08,9.14E+09,9.73E+08,0.6666521,,
3.49E+09,1.62E+09,9.20E+09,1.73E+09,0.6525419,,
1.78E+09,4.11E+08,9.21E+09,5.06E+08,0.5939951,,
6.64E+08,4.78E+08,9.11E+09,4.90E+08,0.6002859,,
2.02E+09,8.59E+08,9.24E+09,1.03E+09,0.6583279,,
2.47E+09,8.38E+08,9.12E+09,8.12E+08,0.5060075,,
9.36E+08,1.37E+09,9.22E+09,1.45E+09,0.7873002,,
2.99E+09,1.87E+09,9.29E+09,2.10E+09,0.7397362,,
1.18E+09,5.59E+08,9.19E+09,6.43E+08,0.6127648,,
5.96E+09,5.40E+09,9.65E+09,6.00E+09,0.8258231,,
6.19E+08,3.19E+08,9.12E+09,3.28E+08,0.5539036,,
1.58E+09,2.13E+09,9.22E+09,2.26E+09,0.7881556,,
6.33E+08,2.71E+08,9.10E+09,2.55E+08,0.4875728,,
7.60E+08,3.27E+08,9.13E+09,3.55E+08,0.551772,,
3.24E+09,3.79E+09,9.52E+09,4.20E+09,0.8297394,,
5.94E+08,2.59E+08,9.18E+09,3.29E+08,0.6511517,,
6.63E+08,2.23E+08,9.12E+09,1.81E+08,0.3987763,,
1.86E+09,1.41E+08,9.19E+09,2.23E+08,0.6000156,,
3.94E+09,1.03E+09,9.22E+09,1.10E+09,0.5523314,,
5.56E+08,1.37E+08,9.11E+09,1.32E+08,0.4286086,,
4.56E+09,2.44E+09,9.41E+09,2.79E+09,0.7587216,,
1.36E+09,7.06E+08,9.15E+09,7.49E+08,0.5738549,,
1.24E+09,9.17E+08,9.25E+09,1.06E+09,0.6909951,,
9.97E+08,6.06E+08,9.22E+09,7.32E+08,0.6595131,,
1.24E+09,4.64E+08,9.27E+09,6.54E+08,0.7365525,,
6.74E+08,3.18E+08,9.14E+09,3.32E+08,0.5474258,,
8.46E+08,1.85E+08,9.11E+09,1.99E+08,0.4549526,,
2.78E+09,7.66E+08,9.20E+09,8.54E+08,0.5682606,,
1.93E+09,5.76E+08,9.24E+09,6.96E+08,0.6165199,,
3.08E+09,2.44E+09,9.47E+09,2.86E+09,0.8232045,,
1.51E+09,7.42E+08,9.18E+09,8.14E+08,0.5934928,,
1.65E+09,8.54E+08,9.22E+09,9.75E+08,0.6333318,,
1.31E+09,9.13E+08,9.36E+09,1.19E+09,0.7977407,,
1.79E+09,9.23E+08,9.23E+09,1.07E+09,0.6610589,,
1.33E+09,8.18E+08,9.20E+09,9.35E+08,0.6414102,,
5.47E+08,1.69E+08,9.15E+09,2.14E+08,0.5895234,,
8.36E+08,7.72E+08,9.15E+09,8.30E+08,0.6884669,,
3.71E+09,4.84E+09,9.57E+09,5.25E+09,0.8281969,,
1.06E+09,2.73E+08,9.21E+09,3.88E+08,0.681846,,
8.43E+08,1.60E+08,9.18E+09,2.47E+08,0.6671652,,
8.43E+08,6.01E+08,9.20E+09,6.96E+08,0.6691846,,
1.65E+09,1.34E+09,9.25E+09,1.46E+09,0.7073203,,
3.63E+08,2.51E+08,9.10E+09,2.35E+08,0.5584909,,
1.22E+09,3.82E+08,9.04E+09,2.18E+08,0.2673185,,
4.30E+08,2.85E+08,9.15E+09,3.28E+08,0.6662867,,
5.95E+08,3.76E+08,9.00E+09,2.53E+08,0.3902582,,
1.34E+09,5.68E+08,9.29E+09,7.58E+08,0.7100024,,
9.20E+08,7.31E+08,9.22E+09,7.73E+08,0.6384399,,
5.82E+08,2.99E+08,9.14E+09,3.44E+08,0.6177812,,
7.64E+08,2.42E+08,9.16E+09,3.02E+08,0.5974843,,
7.15E+08,2.60E+08,9.16E+09,3.16E+08,0.5947329,,
8.61E+08,1.32E+09,9.21E+09,1.44E+09,0.8211914,,
5.28E+08,3.27E+08,9.16E+09,3.94E+08,0.6772264,,
1.14E+09,5.40E+08,9.17E+09,6.07E+08,0.5963363,,
1.15E+09,4.23E+08,9.16E+09,4.86E+08,0.5871171,,
1.02E+09,7.70E+08,9.16E+09,8.29E+08,0.6357533,,
4.58E+08,2.07E+08,9.13E+09,2.33E+08,0.5983642,,
8.75E+08,3.88E+08,9.16E+09,4.25E+08,0.5629983,,
1.49E+09,4.27E+08,9.17E+09,4.88E+08,0.5672549,,
6.90E+08,3.21E+08,9.19E+09,4.11E+08,0.6600855,,
6.55E+08,3.15E+08,9.15E+09,3.73E+08,0.6219203,,
4.03E+08,1.42E+08,9.13E+09,1.62E+08,0.5767278,,
6.99E+08,2.80E+08,9.16E+09,3.37E+08,0.5991317,,
9.54E+08,1.12E+09,9.24E+09,1.27E+09,0.7864724,,
1.07E+09,4.79E+08,9.18E+09,5.66E+08,0.6220742,,
9.82E+08,5.74E+08,9.10E+09,5.76E+08,0.5455024,,
1.51E+09,4.08E+08,9.31E+09,6.36E+08,0.7807429,,
9.24E+08,8.97E+08,9.20E+09,9.98E+08,0.724943,,
4.11E+08,1.34E+08,9.15E+09,1.76E+08,0.6378765,,
6.51E+08,3.24E+08,9.20E+09,4.18E+08,0.6809587,,
9.44E+08,8.15E+08,9.39E+09,1.08E+09,0.8276886,,
1.41E+09,2.68E+08,9.17E+09,3.37E+08,0.5661484,,
6.40E+08,7.24E+08,9.23E+09,8.50E+08,0.8096044,,
3.63E+08,1.89E+08,9.13E+09,2.13E+08,0.6287419,,
5.08E+08,4.15E+08,9.14E+09,4.59E+08,0.6840957,,
1.12E+09,2.90E+08,9.16E+09,3.31E+08,0.5398669,,
8.93E+08,2.31E+08,9.20E+09,3.34E+08,0.6829936,,
1.71E+09,1.16E+09,9.27E+09,1.30E+09,0.6946529,,
3.87E+08,2.04E+08,9.12E+09,2.19E+08,0.6005835,,
8.69E+08,1.67E+08,9.21E+09,2.78E+08,0.7319139,,
1.14E+09,3.89E+08,9.20E+09,4.81E+08,0.6259827,,
8.81E+08,1.16E+09,9.19E+09,1.26E+09,0.7804675,,
4.79E+08,1.11E+08,9.13E+09,1.32E+08,0.5166009,,
6.10E+08,5.27E+08,9.26E+09,6.78E+08,0.8067191,,
6.27E+08,2.72E+08,9.05E+09,1.99E+08,0.3896558,,
6.59E+08,1.32E+08,9.18E+09,2.09E+08,0.6704505,,
6.03E+08,4.87E+08,9.15E+09,5.15E+08,0.6496307,,
4.14E+08,1.97E+08,9.14E+09,2.23E+08,0.6132589,,
3.00E+08,1.36E+08,9.12E+09,1.58E+08,0.6433433,,
2.61E+09,8.09E+08,9.31E+09,1.05E+09,0.6903135,,
5.95E+08,4.15E+08,9.16E+09,4.69E+08,0.653265,,
7.10E+08,3.17E+08,9.17E+09,3.92E+08,0.6330427,,
6.86E+08,2.67E+08,9.16E+09,3.31E+08,0.6135385,,
5.91E+08,2.98E+08,9.20E+09,4.16E+08,0.7377833,,
4.39E+08,1.15E+08,9.15E+09,1.44E+08,0.5684885,,
5.79E+08,4.00E+08,9.16E+09,4.54E+08,0.6535382,,
6.12E+08,3.12E+08,9.16E+09,3.78E+08,0.6466337,,
1.34E+09,4.55E+08,9.26E+09,6.36E+08,0.7211159,,
4.48E+08,1.85E+08,9.14E+09,2.09E+08,0.587785,,
5.95E+08,3.31E+08,9.14E+09,3.79E+08,0.6262235,,
4.66E+08,1.42E+08,9.15E+09,1.85E+08,0.613535,,
1.79E+09,1.79E+09,9.26E+09,1.96E+09,0.7588185,,
7.32E+08,3.44E+08,9.16E+09,3.99E+08,0.6016076,,
4.88E+08,3.25E+08,9.15E+09,3.81E+08,0.6705634,,
3.89E+08,8.07E+08,9.13E+09,8.41E+08,0.8477383,,
6.45E+08,2.61E+08,9.14E+09,3.08E+08,0.5923834,,
4.64E+08,2.27E+08,9.14E+09,2.56E+08,0.6106793,,
4.37E+08,3.09E+08,9.15E+09,3.64E+08,0.6917247,,
1.63E+09,7.51E+08,9.28E+09,9.61E+08,0.6992152,,
5.18E+08,1.42E+08,9.15E+09,2.04E+08,0.6396284,,
9.12E+08,5.91E+08,9.17E+09,6.54E+08,0.6148066,,
1.70E+08,3.82E+08,9.14E+09,4.16E+08,0.9158326,,
3.61E+08,3.02E+08,9.15E+09,3.49E+08,0.7283544,,
6.63E+08,1.14E+09,9.20E+09,1.26E+09,0.8565492,,
5.17E+08,2.56E+08,9.20E+09,3.68E+08,0.7617354,,
2.24E+08,9.62E+07,9.14E+09,1.24E+08,0.7252105,,
2.43E+08,1.74E+08,9.14E+09,2.20E+08,0.7672672,,
3.37E+08,3.62E+08,9.18E+09,4.33E+08,0.8238627,,
3.93E+08,2.40E+08,9.17E+09,3.24E+08,0.7636441,,
2.05E+08,2.59E+08,9.14E+09,2.93E+08,0.8342233,,
4.50E+08,1.52E+09,9.16E+09,1.60E+09,0.9262736,,
2.74E+08,6.49E+08,9.14E+09,6.88E+08,0.8892737,,
3.09E+08,4.31E+08,9.20E+09,4.82E+08,0.8340075,,
2.12E+08,2.17E+08,9.13E+09,2.45E+08,0.7835976,,
3.95E+08,2.08E+08,9.14E+09,2.46E+08,0.6556467,,
3.44E+08,3.43E+08,9.16E+09,4.07E+08,0.7976796,,
2.23E+08,1.84E+08,9.15E+09,2.27E+08,0.7897249,,
1.77E+08,8.70E+07,9.13E+09,1.16E+08,0.7909201,,
7.03E+08,1.36E+09,9.33E+09,1.62E+09,0.9443858,,
3.07E+08,7.96E+08,9.16E+09,8.68E+08,0.9274623,,
2.06E+09,4.84E+08,9.36E+09,7.08E+08,0.7227655,,
1.31E+08,1.34E+08,9.14E+09,1.83E+08,0.9657799,,
2.21E+08,2.07E+08,9.14E+09,2.54E+08,0.820856,,
2.47E+08,2.54E+08,9.16E+09,3.14E+08,0.8475537,,
2.87E+08,3.20E+08,9.13E+09,3.46E+08,0.7608486,,
2.67E+08,3.41E+08,9.17E+09,4.08E+08,0.8722696,,
1.79E+08,1.39E+08,9.14E+09,1.84E+08,0.8401911,,
3.91E+08,3.55E+08,9.21E+09,4.80E+08,0.8711036,,
4.96E+08,1.30E+08,9.15E+09,1.78E+08,0.6047569,,
2.52E+08,3.89E+08,9.17E+09,4.47E+08,0.8822692,,
2.86E+08,3.96E+07,9.17E+09,1.19E+08,1,,
4.19E+08,3.60E+08,9.17E+09,4.45E+08,0.7808068,,
2.42E+08,2.99E+08,9.20E+09,3.89E+08,0.9440681,,
5.05E+08,3.09E+08,9.18E+09,4.04E+08,0.7308051,,
3.99E+08,3.13E+08,9.19E+09,3.98E+08,0.7761553,,
2.25E+08,9.34E+07,9.14E+09,1.36E+08,0.7994315,,
2.14E+08,1.45E+08,9.14E+09,1.82E+08,0.7628388,,
6.36E+08,4.30E+08,9.23E+09,5.91E+08,0.7791898,,
1.09E+10,4.30E+09,1.05E+10,6.17E+09,0.937776,,
2.26E+10,3.96E+09,1.21E+10,6.95E+09,1,,
9.42E+09,1.30E+09,1.00E+10,2.50E+09,0.9604545,,
1.15E+10,3.93E+09,9.33E+09,4.28E+09,0.6775111,,
6.82E+10,2.56E+10,1.72E+10,3.14E+10,1,,
1.23E+10,3.37E+09,9.85E+09,3.93E+09,0.6823225,,
2.74E+10,1.17E+10,1.11E+10,1.30E+10,0.787841,,
5.47E+10,1.12E+11,1.50E+10,1.15E+11,0.9615361,,
2.35E+10,2.37E+10,9.27E+09,2.33E+10,0.8345474,,
1.02E+10,1.25E+09,9.99E+09,2.53E+09,1,,
4.34E+09,7.40E+08,9.49E+09,1.27E+09,0.8363598,,
7.07E+09,1.20E+10,9.54E+09,1.25E+10,0.8857256,,
1.06E+10,2.87E+10,1.02E+10,3.01E+10,0.9667514,,
2.11E+09,3.94E+09,9.35E+09,4.18E+09,0.8577577,,
1.10E+10,1.18E+11,9.77E+09,1.19E+11,1,,
5.18E+09,4.09E+10,9.12E+09,4.07E+10,0.967135,,
4.89E+10,9.59E+10,1.36E+10,1.00E+11,0.9770711,,
4.03E+09,5.48E+09,9.06E+09,5.30E+09,0.7417748,,
6.91E+07,7.82E+07,9.11E+09,9.14E+07,0.9210044,,
2.74E+10,3.76E+10,1.16E+10,4.01E+10,0.9543989,,
6.72E+09,1.53E+10,9.77E+09,1.62E+10,0.9354834,,
3.49E+09,2.06E+08,9.40E+09,3.05E+08,0.7719006,,
1.15E+09,6.70E+08,9.00E+09,5.98E+08,0.4844031,,
5.72E+08,2.34E+08,9.20E+09,3.58E+08,0.7675553,,
5.01E+10,9.80E+10,1.41E+10,9.86E+10,0.939774,,
5.75E+09,5.87E+09,9.56E+09,6.34E+09,0.8136578,,
1.23E+09,2.70E+09,9.26E+09,2.71E+09,0.8264354,,
6.66E+09,4.55E+09,9.79E+09,4.49E+09,0.700411,,
5.03E+09,6.02E+09,9.34E+09,6.31E+09,0.8012622,,
6.16E+08,1.59E+07,9.10E+09,1.27E+07,1,,
1.84E+08,3.77E+07,9.08E+09,1.65E+07,0.6098713,,
1.69E+10,2.42E+10,6.08E+09,2.15E+10,0.7759414,,
3.26E+10,1.41E+11,1.31E+10,1.46E+11,0.9988819,,
9.03E+08,3.91E+09,8.91E+09,2.79E+09,0.6460562,,
4.11E+09,6.25E+09,7.18E+09,4.28E+09,0.5306006,,
2.58E+10,1.31E+11,1.13E+10,1.34E+11,0.9911982,,
1.12E+10,4.57E+09,9.26E+09,4.42E+09,0.6266711,,
2.45E+09,3.32E+09,9.50E+09,3.80E+09,0.8624815,,
4.63E+09,2.10E+10,9.63E+09,2.12E+10,0.9428552,,
2.26E+09,2.17E+09,9.13E+09,2.21E+09,0.7122019,,
2.08E+09,1.81E+09,9.13E+09,1.82E+09,0.676224,,
2.58E+08,1.70E+08,8.97E+09,5.74E+07,0.2517589,,
2.97E+09,3.96E+09,9.18E+09,3.99E+09,0.7608668,,
6.83E+08,4.70E+08,8.92E+09,2.65E+08,0.3331108,,
7.43E+08,2.12E+08,9.04E+09,1.53E+08,0.338234,,
7.42E+08,2.53E+08,9.15E+09,2.62E+08,0.4929655,,
1.08E+09,1.26E+09,9.26E+09,1.42E+09,0.7887794,,
1.91E+09,2.90E+09,9.19E+09,2.98E+09,0.7899628,,
8.21E+09,1.51E+10,1.05E+10,1.68E+10,0.9739729,,
1.86E+09,1.05E+09,9.05E+09,9.57E+08,0.5100179,,
8.36E+07,8.89E+08,8.89E+09,8.05E+08,0.8932469,,
1.93E+09,3.48E+09,9.22E+09,3.63E+09,0.8333706,,
9.12E+08,9.17E+08,9.12E+09,8.83E+08,0.6363532,,
2.60E+09,5.93E+09,9.26E+09,5.89E+09,0.8370835,,
1.57E+10,3.78E+09,1.00E+10,4.55E+09,0.6850361,,
7.43E+09,4.99E+09,1.01E+10,4.95E+09,0.7050881,,
4.28E+09,2.07E+09,9.23E+09,2.20E+09,0.6740531,,
5.49E+09,2.36E+09,9.51E+09,2.54E+09,0.678391,,
4.16E+09,1.85E+09,9.05E+09,1.77E+09,0.5829167,,
5.17E+09,3.13E+09,9.27E+09,3.26E+09,0.7124672,,
1.29E+09,6.44E+08,9.16E+09,5.71E+08,0.4709425,,
9.35E+09,7.38E+09,1.04E+10,8.87E+09,0.9074004,,
2.56E+09,4.52E+09,9.19E+09,4.41E+09,0.7808878,,
5.08E+09,3.74E+09,9.11E+09,3.68E+09,0.6963252,,
1.12E+10,2.95E+09,9.61E+09,3.67E+09,0.7153258,,
2.68E+09,7.27E+08,9.11E+09,5.63E+08,0.3849956,,
3.11E+09,2.19E+09,9.45E+09,2.50E+09,0.7799755,,
2.65E+09,1.79E+09,9.14E+09,1.80E+09,0.6588971,,
2.52E+10,5.25E+09,1.20E+10,8.46E+09,0.9183886,,
3.05E+09,1.06E+09,9.29E+09,1.29E+09,0.6719419,,
6.27E+09,6.47E+09,9.58E+09,6.96E+09,0.8141647,,
2.76E+09,4.31E+09,9.18E+09,4.05E+09,0.73103,,
2.29E+10,5.27E+09,1.25E+10,9.20E+09,1,,
4.71E+08,6.56E+08,9.14E+09,6.96E+08,0.7831799,,
5.08E+09,1.16E+08,9.28E+09,2.40E+08,0.8833724,,
4.06E+09,7.38E+09,9.77E+09,8.02E+09,0.8823224,,
2.05E+09,2.07E+09,9.15E+09,2.13E+09,0.7183858,,
8.61E+08,1.28E+09,9.13E+09,1.28E+09,0.7417986,,
8.95E+09,1.00E+10,1.06E+10,1.14E+10,0.9241448,,
6.57E+09,1.10E+10,9.24E+09,1.09E+10,0.8335378,,
2.26E+07,3.10E+07,9.10E+09,2.82E+07,1,,
9.42E+09,6.04E+09,9.15E+09,5.88E+09,0.6921992,,
2.62E+09,1.87E+09,9.23E+09,2.00E+09,0.7162743,,
3.08E+08,6.50E+08,9.12E+09,6.69E+08,0.8441362,,
1.75E+08,1.70E+08,9.09E+09,1.62E+08,0.6654099,,
1.48E+09,6.98E+08,9.13E+09,7.09E+08,0.5439339,,
1.89E+09,8.11E+08,9.16E+09,8.40E+08,0.5544603,,
1.86E+09,3.52E+09,9.26E+09,3.70E+09,0.8495101,,
2.28E+09,3.83E+09,9.54E+09,4.34E+09,0.8972799,,
2.18E+09,1.91E+09,9.25E+09,2.01E+09,0.7212568,,
2.66E+10,1.95E+10,1.03E+10,2.07E+10,0.8620293,,
5.49E+09,1.41E+10,9.45E+09,1.46E+10,0.9136048,,
3.10E+09,9.96E+08,9.13E+09,9.61E+08,0.5058239,,
3.77E+09,5.95E+09,9.21E+09,6.07E+09,0.8021452,,
4.17E+09,4.01E+09,9.38E+09,4.38E+09,0.8057347,,
2.40E+09,3.20E+09,9.14E+09,3.18E+09,0.7422408,,
4.25E+09,1.10E+10,9.41E+09,1.15E+10,0.90178,,
4.59E+09,2.98E+09,9.16E+09,3.07E+09,0.7071566,,
3.72E+09,6.52E+09,9.59E+09,6.99E+09,0.8624012,,
4.83E+08,2.41E+08,9.11E+09,2.14E+08,0.4897585,,
7.47E+09,5.28E+09,9.81E+09,5.85E+09,0.798554,,
2.59E+09,3.60E+09,9.15E+09,3.69E+09,0.7747292,,
6.48E+09,5.14E+10,9.14E+09,5.12E+10,0.9724034,,
2.00E+09,3.47E+09,8.88E+09,3.19E+09,0.7279855,,
1.47E+10,3.40E+09,1.04E+10,4.53E+09,0.7527286,,
6.34E+08,4.06E+09,9.21E+09,4.07E+09,0.942664,,
7.57E+08,4.52E+08,9.12E+09,4.65E+08,0.5674218,,
1.77E+09,2.88E+09,9.03E+09,2.62E+09,0.7069444,,
1.69E+09,9.99E+08,9.33E+09,1.26E+09,0.7590391,,
9.33E+09,6.36E+09,9.59E+09,6.75E+09,0.7653653,,
3.29E+09,7.86E+09,9.36E+09,8.14E+09,0.8813784,,
1.20E+09,5.05E+08,9.11E+09,4.82E+08,0.4938762,,
5.57E+09,8.82E+09,9.39E+09,8.91E+09,0.8185173,,
1.87E+10,1.19E+10,1.01E+10,1.29E+10,0.83229,,
3.93E+09,3.80E+09,9.24E+09,3.90E+09,0.7525707,,
1.92E+09,6.66E+08,9.16E+09,6.12E+08,0.474001,,
3.73E+09,6.58E+09,9.17E+09,6.61E+09,0.8088222,,
5.77E+08,2.12E+09,9.13E+09,2.15E+09,0.8998648,,
2.66E+09,8.53E+07,9.16E+09,4.84E+07,0.4266096,,
1.03E+09,4.31E+09,9.36E+09,4.55E+09,0.9557276,,
3.64E+09,4.76E+09,9.31E+09,5.00E+09,0.8010569,,
2.60E+09,1.00E+09,9.57E+09,1.48E+09,0.8486598,,
2.55E+09,2.15E+09,9.41E+09,2.38E+09,0.7669457,,
4.25E+09,1.17E+10,9.27E+09,1.18E+10,0.8807739,,
1.04E+10,2.35E+10,9.19E+09,2.33E+10,0.8981364,,
2.58E+08,2.84E+08,8.75E+09,5.05E+07,0.1542913,,
2.37E+10,2.06E+11,1.16E+10,2.07E+11,1,,
6.55E+09,4.89E+10,1.01E+10,5.02E+10,0.9982502,,
4.05E+09,1.24E+10,9.30E+09,1.27E+10,0.9082298,,
2.03E+10,1.11E+10,1.09E+10,1.30E+10,0.8749038,,
1.98E+09,2.15E+08,9.66E+09,5.79E+07,1,,
1.79E+10,9.62E+10,1.05E+10,9.81E+10,0.9924092,,
5.72E+08,1.28E+09,9.12E+09,1.15E+09,0.7429688,,
4.50E+09,5.73E+09,9.56E+09,6.20E+09,0.8299907,,
6.48E+08,2.69E+08,9.12E+09,2.74E+08,0.5182835,,
4.04E+09,5.19E+09,9.33E+09,5.37E+09,0.7903401,,
4.56E+07,2.39E+07,9.10E+09,2.23E+07,1,,
4.74E+09,1.06E+09,9.20E+09,9.21E+08,0.4299716,,
3.86E+09,3.81E+08,9.48E+09,1.86E+08,0.4420239,,
1.76E+09,3.30E+09,9.11E+09,2.99E+09,0.7274828,,
9.59E+09,1.54E+10,9.88E+09,1.53E+10,0.8547338,,
2.21E+09,7.59E+08,9.14E+09,8.42E+08,0.5806183,,
3.22E+09,9.85E+08,9.23E+09,1.13E+09,0.6132126,,
8.40E+07,2.18E+08,9.11E+09,1.33E+08,0.566653,,
7.06E+09,1.90E+09,9.24E+09,1.55E+09,0.4423123,,
4.48E+08,1.06E+09,8.86E+09,6.18E+08,0.4891024,,
4.95E+08,6.05E+09,6.43E+09,3.24E+09,0.5241489,,
1.82E+10,2.82E+10,1.08E+10,2.88E+10,0.9111458,,
3.89E+09,2.54E+09,9.95E+09,2.59E+09,0.8218399,,
1.43E+09,7.59E+08,9.15E+09,7.56E+08,0.5393576,,
9.14E+08,1.75E+09,9.09E+09,1.73E+09,0.7849622,,
2.79E+09,2.86E+09,9.40E+09,3.16E+09,0.8026121,,
6.70E+08,3.93E+08,9.06E+09,3.52E+08,0.4990652,,
8.35E+08,7.55E+09,9.13E+09,7.58E+09,0.9659523,,
9.70E+08,1.08E+09,9.17E+09,1.13E+09,0.7147547,,
9.72E+08,1.09E+09,8.92E+09,8.90E+08,0.5588659,,
3.44E+09,2.90E+09,9.17E+09,2.91E+09,0.7092452,,
5.88E+09,1.20E+10,9.41E+09,1.22E+10,0.8751949,,
2.21E+10,3.55E+10,7.34E+09,3.33E+10,0.8423472,,
8.82E+09,1.10E+10,9.61E+09,1.15E+10,0.8598712,,
4.54E+09,4.12E+09,9.91E+09,5.08E+09,0.9105689,,
1.89E+10,2.13E+10,1.00E+10,2.22E+10,0.8935797,,
7.09E+09,4.31E+09,1.02E+10,4.73E+09,0.7663669,,
3.50E+09,9.82E+08,9.51E+09,1.51E+09,0.8390962,,
4.51E+09,4.28E+10,9.42E+09,4.32E+10,0.9849268,,
7.30E+09,9.58E+09,9.60E+09,1.01E+10,0.8524244,,
7.22E+09,1.84E+10,9.61E+09,1.90E+10,0.9258919,,
3.96E+09,1.48E+10,9.37E+09,1.51E+10,0.9233973,,
3.19E+09,1.43E+09,9.18E+09,1.38E+09,0.5624932,,
1.16E+09,2.92E+09,9.23E+09,3.05E+09,0.8802663,,
1.49E+10,4.00E+09,1.05E+10,5.63E+09,0.8314783,,
2.54E+09,2.16E+09,9.18E+09,2.28E+09,0.7319492,,
9.16E+10,3.84E+10,1.62E+10,4.46E+10,0.9984689,,
3.28E+09,1.22E+09,9.11E+09,1.17E+09,0.5261872,,
3.67E+10,1.41E+10,1.16E+10,1.63E+10,0.8476463,,
7.32E+09,8.05E+09,1.01E+10,8.43E+09,0.8151192,,
5.50E+09,8.72E+09,9.33E+09,8.87E+09,0.8234567,,
3.53E+09,1.35E+09,9.17E+09,1.37E+09,0.572426,,
9.29E+09,8.84E+09,3.31E+09,3.20E+09,0.261873,,
1.39E+10,6.93E+09,1.02E+10,8.27E+09,0.8268212,,
7.65E+10,1.05E+11,1.69E+10,1.14E+11,1,,
2.92E+10,5.12E+10,1.09E+10,5.31E+10,0.9506445,,
3.85E+09,3.06E+09,9.38E+09,3.14E+09,0.7250714,,
1.73E+09,1.66E+09,9.12E+09,1.54E+09,0.6190177,,
2.01E+10,1.31E+10,1.02E+10,1.42E+10,0.8396957,,
1.49E+11,6.11E+11,2.40E+10,6.29E+11,1,,
3.79E+09,2.81E+08,9.38E+09,4.99E+08,0.7240242,,
5.83E+09,2.06E+09,9.65E+09,2.55E+09,0.7468488,,
2.59E+09,1.41E+09,9.22E+09,1.56E+09,0.6845627,,
8.28E+09,2.62E+09,9.60E+09,3.11E+09,0.711638,,
3.50E+09,4.20E+09,9.01E+09,4.08E+09,0.7287393,,
1.14E+10,6.82E+09,9.89E+09,7.74E+09,0.8062115,,
5.03E+09,5.76E+09,9.65E+09,6.30E+09,0.8323652,,
1.27E+10,4.68E+09,9.47E+09,4.91E+09,0.6689156,,
2.80E+10,1.56E+10,1.03E+10,1.73E+10,0.8490527,,
6.31E+09,3.65E+09,9.32E+09,3.61E+09,0.6751443,,
1.49E+11,6.28E+11,2.18E+10,6.43E+11,1,,
3.66E+09,1.75E+09,9.70E+09,2.34E+09,0.8521327,,
3.01E+09,5.16E+08,9.29E+09,7.75E+08,0.704936,,
1.18E+09,3.40E+09,6.00E+09,9.45E+08,0.2402301,,
6.92E+09,4.21E+09,9.89E+09,4.92E+09,0.8184654,,
7.22E+09,5.49E+09,7.54E+09,3.77E+09,0.488818,,
9.45E+09,4.04E+10,1.00E+10,4.15E+10,0.9770355,,
2.37E+09,8.69E+08,8.99E+09,6.87E+08,0.4125777,,
8.31E+10,2.13E+11,1.51E+10,2.20E+11,0.9831539,,
8.57E+10,2.30E+11,1.67E+10,2.39E+11,0.9944355,,
3.04E+09,2.28E+09,9.31E+09,2.51E+09,0.7597015,,
9.76E+09,3.64E+09,9.14E+09,3.63E+09,0.6264123,,
5.76E+10,7.59E+10,1.34E+10,7.91E+10,0.9488209,,
1.24E+11,2.16E+11,2.30E+10,2.30E+11,1,,
2.55E+09,1.34E+10,9.31E+09,1.37E+10,0.9517247,,
1.87E+11,4.13E+11,2.63E+10,4.32E+11,1,,
1.36E+10,1.75E+10,9.52E+09,1.60E+10,0.7754233,,
2.10E+10,4.70E+09,1.14E+10,6.03E+09,0.7248236,,
1.41E+10,1.74E+10,1.17E+10,2.02E+10,0.9954592,,
1.91E+10,1.24E+10,9.71E+09,1.28E+10,0.7932826,,
1.08E+09,9.63E+08,9.17E+09,1.01E+09,0.6591484,,
7.40E+09,1.47E+10,9.57E+09,1.52E+10,0.9020907,,
3.04E+09,9.65E+08,9.15E+09,1.02E+09,0.5601048,,
3.75E+10,7.81E+10,0.00E+00,7.12E+10,0.8481117,,
5.76E+10,5.29E+10,9.14E+09,5.21E+10,0.8671942,,
8.33E+08,4.28E+08,9.17E+09,5.11E+08,0.6311822,,
1.68E+09,6.21E+08,9.15E+09,6.50E+08,0.5447082,,
2.48E+09,8.19E+08,9.19E+09,9.01E+08,0.5749043,,
1.13E+09,4.96E+08,9.15E+09,5.31E+08,0.5600004,,
8.32E+08,3.07E+08,9.17E+09,3.77E+08,0.6135899,,
1.58E+09,7.70E+08,9.23E+09,9.12E+08,0.6456667,,
1.93E+09,1.75E+09,9.31E+09,1.99E+09,0.7790373,,
1.54E+09,4.77E+08,9.34E+09,6.90E+08,0.74106,,
7.10E+08,2.50E+08,9.13E+09,2.52E+08,0.4864999,,
1.45E+09,3.26E+09,9.19E+09,3.34E+09,0.8511716,,
4.23E+08,2.20E+08,9.15E+09,2.56E+08,0.6415416,,
5.29E+08,4.71E+08,9.20E+09,5.62E+08,0.7606473,,
6.21E+08,7.38E+08,9.17E+09,7.94E+08,0.7545201,,
2.53E+09,1.68E+10,9.48E+09,1.70E+10,0.9636795,,
7.78E+08,2.36E+08,9.19E+09,3.28E+08,0.6681699,,
9.85E+08,5.34E+08,9.23E+09,6.65E+08,0.6719666,,
1.39E+09,5.87E+08,9.36E+09,8.08E+08,0.7342594,,
7.99E+08,4.07E+08,9.18E+09,4.90E+08,0.6338066,,
1.05E+09,1.03E+09,9.16E+09,1.09E+09,0.6906936,,
3.77E+08,8.61E+08,9.18E+09,9.51E+08,0.9151704,,
8.77E+08,1.39E+09,9.30E+09,1.62E+09,0.8816167,,
9.23E+08,3.24E+08,9.14E+09,3.61E+08,0.5511991,,
4.71E+08,2.18E+08,9.12E+09,2.34E+08,0.5752544,,
4.53E+08,1.84E+08,9.14E+09,2.30E+08,0.6415345,,
1.59E+09,1.47E+09,9.31E+09,1.70E+09,0.7785285,,
1.90E+09,3.17E+09,9.23E+09,3.26E+09,0.8095874,,
1.39E+09,1.76E+09,9.36E+09,2.01E+09,0.831026,,
2.22E+09,3.02E+08,9.18E+09,4.00E+08,0.5658886,,
1.73E+09,1.38E+09,9.24E+09,1.50E+09,0.7059723,,
3.58E+09,7.06E+09,9.34E+09,7.31E+09,0.8517433,,
6.22E+08,4.23E+08,9.17E+09,5.00E+08,0.6745211,,
3.81E+08,4.22E+08,9.14E+09,4.71E+08,0.7748181,,
3.05E+09,1.02E+09,9.33E+09,1.22E+09,0.6544366,,
2.98E+09,1.73E+09,9.12E+09,1.74E+09,0.636309,,
3.66E+08,7.19E+08,9.15E+09,7.73E+08,0.8653037,,
3.29E+08,3.28E+08,9.16E+09,3.92E+08,0.8037342,,
3.71E+08,2.32E+08,9.16E+09,2.96E+08,0.7321719,,
6.30E+08,1.70E+08,9.20E+09,2.86E+08,0.783954,,
2.60E+09,1.21E+09,9.44E+09,1.60E+09,0.7991841,,
6.82E+08,2.09E+09,9.17E+09,2.17E+09,0.8986862,,
4.34E+08,5.00E+08,9.14E+09,5.39E+08,0.7549818,,
6.43E+08,8.90E+08,9.34E+09,1.15E+09,0.9431783,,
3.21E+08,3.50E+08,9.15E+09,4.03E+08,0.7978587,,
4.61E+08,4.31E+08,9.17E+09,5.12E+08,0.773766,,
3.49E+09,4.86E+09,9.55E+09,5.37E+09,0.8496453,,
3.35E+09,3.38E+08,9.22E+09,4.79E+08,0.5753079,,
2.84E+09,1.23E+09,9.15E+09,1.28E+09,0.5916726,,
6.53E+08,3.10E+08,9.14E+09,3.46E+08,0.5852997,,
4.25E+08,5.61E+08,9.16E+09,6.31E+08,0.8193762,,
4.64E+08,3.70E+08,9.12E+09,3.91E+08,0.6511221,,
3.28E+08,4.60E+08,9.15E+09,5.12E+08,0.8291673,,
5.02E+08,6.86E+08,9.19E+09,7.81E+08,0.8339052,,
4.44E+08,1.25E+09,9.17E+09,1.32E+09,0.9059848,,
3.59E+08,4.91E+08,9.15E+09,5.49E+08,0.8264494,,
1.40E+09,6.46E+08,9.02E+09,5.58E+08,0.4552582,,
1.01E+09,1.63E+09,9.32E+09,1.86E+09,0.8723298,,
1.09E+09,5.07E+08,9.28E+09,6.95E+08,0.7322115,,
1.31E+09,5.36E+08,9.23E+09,6.76E+08,0.6647585,,
2.94E+08,4.96E+08,9.16E+09,5.71E+08,0.8991928,,
7.91E+08,7.39E+08,9.30E+09,9.67E+08,0.8406667,,
1.22E+09,7.60E+08,9.29E+09,9.80E+08,0.735061,,
2.09E+09,2.10E+09,9.34E+09,2.28E+09,0.7622725,,
4.11E+08,4.82E+08,9.15E+09,5.46E+08,0.7962049,,
4.23E+08,3.49E+08,9.17E+09,4.29E+08,0.7649607,,
8.25E+08,2.57E+08,9.20E+09,3.53E+08,0.6691421,,
2.03E+08,1.27E+08,9.15E+09,1.87E+08,0.8777058,,
8.11E+08,1.39E+09,9.26E+09,1.59E+09,0.881419,,
4.04E+08,2.09E+08,9.17E+09,2.82E+08,0.7365767,,
3.61E+08,1.77E+08,9.18E+09,2.62E+08,0.7988328,,
5.23E+08,6.54E+08,9.25E+09,8.23E+08,0.8959875,,
7.47E+08,7.40E+08,9.21E+09,8.59E+08,0.7625456,,
4.18E+09,1.63E+09,9.62E+09,2.18E+09,0.811594,,
1.92E+09,4.10E+08,9.43E+09,6.93E+08,0.8218127,,
1.91E+09,3.93E+09,9.47E+09,4.30E+09,0.899777,,
8.39E+08,5.78E+08,9.16E+09,6.52E+08,0.6427874,,
2.12E+09,1.41E+09,9.27E+09,1.56E+09,0.7103006,,
1.49E+09,2.37E+09,9.23E+09,2.52E+09,0.8213217,,
8.54E+08,1.70E+09,9.15E+09,1.74E+09,0.8173414,,
1.32E+09,1.14E+09,9.25E+09,1.31E+09,0.7326294,,
2.38E+08,4.37E+08,9.16E+09,4.93E+08,0.9043846,,
2.26E+09,3.29E+09,9.25E+09,3.43E+09,0.7952872,,
3.83E+08,2.46E+08,9.16E+09,3.05E+08,0.7119958,,
5.05E+08,3.08E+08,9.18E+09,4.00E+08,0.725454,,
8.67E+08,1.01E+09,9.23E+09,1.17E+09,0.8002104,,
3.86E+08,2.82E+08,9.18E+09,3.71E+08,0.7815218,,
1.20E+09,9.76E+08,9.19E+09,1.07E+09,0.6730787,,
4.57E+08,1.01E+09,9.19E+09,1.12E+09,0.9096475,,
2.65E+08,3.59E+08,9.15E+09,4.08E+08,0.844426,,
1.56E+09,2.04E+09,9.75E+09,2.57E+09,1,,
1.26E+09,1.97E+09,9.32E+09,2.22E+09,0.8613175,,
2.93E+08,2.23E+08,9.15E+09,2.63E+08,0.7265643,,
2.35E+09,1.13E+09,9.27E+09,1.30E+09,0.6749039,,
2.53E+09,1.82E+09,9.31E+09,2.05E+09,0.7529748,,
5.19E+08,3.98E+08,9.13E+09,4.26E+08,0.646652,,
6.02E+08,6.93E+08,9.21E+09,8.26E+08,0.8264969,,
7.44E+08,7.01E+08,9.17E+09,7.76E+08,0.7154082,,
7.75E+08,1.29E+09,9.26E+09,1.47E+09,0.8772501,,
3.40E+08,6.33E+08,9.22E+09,7.67E+08,0.9642873,,
5.41E+08,6.25E+08,9.22E+09,7.74E+08,0.8608625,,
9.44E+08,4.41E+08,9.18E+09,5.31E+08,0.6333225,,
1.11E+09,4.92E+08,9.15E+09,5.21E+08,0.5539826,,
6.98E+08,1.61E+08,9.16E+09,2.01E+08,0.5358268,,
3.23E+08,2.89E+08,9.14E+09,3.38E+08,0.7586522,,
7.27E+08,5.05E+08,9.15E+09,5.55E+08,0.6309345,,
1.03E+09,1.58E+09,9.15E+09,1.64E+09,0.7794612,,
3.15E+08,3.83E+08,9.15E+09,4.43E+08,0.8293562,,
1.22E+09,2.02E+09,9.19E+09,2.11E+09,0.8096403,,
7.98E+08,1.07E+09,9.21E+09,1.20E+09,0.8093723,,
8.49E+08,1.01E+09,9.20E+09,1.12E+09,0.7754527,,
6.63E+08,1.91E+08,9.14E+09,2.29E+08,0.5437738,,
2.94E+08,1.21E+08,9.16E+09,1.72E+08,0.7533042,,
1.90E+09,1.20E+09,9.26E+09,1.36E+09,0.7052858,,
3.69E+08,7.82E+08,9.25E+09,9.57E+08,0.9978662,,
7.74E+09,8.71E+09,1.04E+10,9.93E+09,0.9106645,,
6.83E+08,5.06E+08,9.16E+09,5.66E+08,0.6599693,,
2.29E+08,3.11E+08,9.16E+09,3.82E+08,0.9147076,,
2.52E+09,4.15E+09,9.58E+09,4.66E+09,0.8867946,,
9.06E+08,9.20E+08,9.19E+09,1.01E+09,0.7234279,,
4.42E+08,3.66E+08,9.15E+09,4.09E+08,0.6978168,,
5.77E+08,2.26E+08,9.16E+09,2.90E+08,0.6393288,,
2.76E+08,3.56E+08,9.16E+09,4.20E+08,0.8635943,,
4.03E+08,3.74E+08,9.18E+09,4.56E+08,0.7953177,,
8.88E+08,1.88E+09,9.27E+09,2.08E+09,0.8990807,,
3.87E+08,1.46E+09,9.19E+09,1.56E+09,0.9547494,,
7.17E+08,5.07E+08,9.17E+09,5.98E+08,0.6809385,,
8.75E+08,6.56E+08,9.21E+09,7.69E+08,0.6911487,,
2.34E+08,1.53E+08,9.14E+09,1.92E+08,0.7548364,,
5.16E+08,4.80E+08,9.16E+09,5.41E+08,0.7311641,,
4.31E+08,3.32E+09,9.19E+09,3.40E+09,0.975119,,
3.69E+09,2.14E+09,9.27E+09,2.40E+09,0.739407,,
4.40E+08,5.16E+08,9.20E+09,6.29E+08,0.8548913,,
6.46E+08,2.11E+08,9.13E+09,2.34E+08,0.5247216,,
9.78E+09,2.88E+09,9.72E+09,3.23E+09,0.6586117,,
1.28E+09,5.66E+08,9.13E+09,6.08E+08,0.5673018,,
4.78E+09,7.24E+09,9.32E+09,7.38E+09,0.798262,,
9.80E+09,7.67E+09,9.86E+09,8.66E+09,0.8479418,,
3.52E+09,2.25E+09,9.39E+09,2.36E+09,0.7004958,,
3.54E+09,2.61E+09,9.20E+09,2.55E+09,0.6718119,,
2.21E+09,2.61E+09,9.26E+09,2.76E+09,0.769709,,
1.16E+10,1.69E+10,1.15E+10,1.89E+10,1,,
5.89E+08,1.64E+10,9.13E+09,1.64E+10,1,,
1.40E+10,1.59E+10,9.68E+09,1.66E+10,0.8762127,,
1.71E+10,3.72E+10,9.51E+09,3.76E+10,0.9290772,,
6.79E+10,3.87E+10,1.25E+10,4.07E+10,0.8969207,,
1.65E+10,2.42E+10,9.41E+09,2.43E+10,0.8872288,,
6.02E+09,2.61E+09,9.15E+09,2.55E+09,0.6175951,,
1.30E+09,4.70E+09,9.14E+09,4.60E+09,0.8742825,,
1.33E+09,3.40E+09,9.20E+09,3.47E+09,0.8665452,,
3.94E+08,8.87E+07,9.10E+09,8.06E+07,0.4242046,,
